Name,2013,2014,2015,2016,2017,2018,2019,2020,2021,2022,Country,Fuel,Owner,Rank,Lat,Long
Bełchatów,37178165,36886458,37051920,34941622,37646220,38348069,32741604,30088805,33161232,35064004,Poland,Lignite,PGE,1,51.268805,19.335242
Neurath,33254389,32441213,32069617,31321639,29900372,32156311,22596980,18671292,22075757,24223327,Germany,Lignite,RWE,2,51.0353164,6.6152797
Boxberg,19153179,18700192,19437501,18571397,19135707,19000819,18653543,15385089,15533773,19127966,Germany,Lignite,EPH,3,51.5462637,14.3822276
Niederaußem,29474441,27248790,27330233,24831148,27173752,25926554,18425447,11877613,16105086,16995539,Germany,Lignite,RWE,4,50.9900859,6.667802
Kozienice,10230491,10960698,11393513,12006243,12115069,14069876,14876558,13779277,15848600,15532560,Poland,Hard Coal,ENEA,5,51.6589652,21.4835545
Jänschwalde,25395582,24196146,23325104,23756337,23626776,22807073,17613703,13649542,15183517,15312823,Germany,Lignite,EPH,6,51.8512162,14.4106654
Weisweiler,18661627,16854243,18139249,18745560,18945349,16786258,13297450,11473822,14490547,14926309,Germany,Lignite,RWE,7,50.8378273,6.3199342
Lippendorf,11728509,11904182,10293959,10781907,11376121,11711105,8943673,8272543,11051209,11911240,Germany,Lignite,EPH,8,51.206164,12.3810647
Turów,9994790,8140101,7595544,7838244,7108058,6892857,5521711,5806624,10193504,11216410,Poland,Lignite,PGE,9,50.9456692,14.9081164
Maritsa East 2,9459009,10291822,11293658,9645325,10549027,9574047,7874098,4292307,6673429,10926444,Bulgaria,Lignite,Bulgarian Energy Holding (BEH),10,42.2051091,24.1975884
Schwarze Pumpe,11283451,11582879,12244201,12199320,11386251,12374048,10478943,10285717,11834111,9570636,Germany,Lignite,EPH,11,51.5351252,14.3540693
Opole,6321343,6422060,5821226,5917008,6278862,7458645,7023261,9698668,10737219,9112067,Poland,Hard Coal,PGE,12,50.756198,17.87436
Brindisi Sud,11809184,11972979,13112244,8275345,6485120,5477190,4562532,3706357,3855797,7353276,Italy,Hard Coal,Enel,13,40.5444849,17.9469496
ContourGlobal Maritsa East 3,3481176,4113603,5759680,4691756,5428080,4886646,5703965,5312942,6377280,7131567,Bulgaria,Lignite,ContourGlobal,14,42.6918831,23.3535311
Polaniec,5566819,6118214,6299450,7733638,7029514,8219329,6751791,4555879,6029813,7088659,Poland,Hard Coal,ENEA,15,50.433744,21.3338836
Mannheim,6750151,6185024,7316094,7871690,6852080,6741030,4922249,4179128,5004399,5971744,Germany,Hard Coal,Großkraftwerk Mannheim Aktiengesellschaft,16,49.4469235,8.4923937
Pocerady,5575286,4805214,5334395,6479355,6241411,6142574,6009857,5811107,5389507,5879807,Czechia,Lignite,CEZ Group,17,50.4180537,13.6874593
Agios Dimitrios,13105386,11810688,10558256,9050119,8936672,9226694,6841570,3869177,4537750,5867033,Greece,Lignite,ΔΕΗ,18,40.2969234,21.7945046
Torrevaldaliga Nord,9726013,10892368,10736213,10181950,9747838,8081026,4505225,3847044,4121013,5379086,Italy,Hard Coal,Enel,19,42.1184571,11.770036
Knippegroen (blast furnace gas),4649964,4362139,4568881,4631822,5213209,4642347,5083889,3879477,3598491,4958747,Belgium,Other Fossil Fuel,ENGIE,20,51.1570477,3.8093713
Karlsruhe,3030086,3621329,3874679,2985790,3841547,3702300,2607039,2133670,4156873,4764061,Germany,Hard Coal,EnBW Energie Baden-Württemberg AG,21,49.0140614,8.3063734
Eemshaven,55431,3085211,6293776,8311407,7587197,7968947,5389580,2528618,5306014,4717756,Netherlands,Hard Coal,RWE,22,53.4390734,6.8617562
AES Galabovo,3359813,3030493,4187675,3717339,4184127,4037871,4234815,3804299,4429287,4673387,Bulgaria,Lignite,AES,23,42.1357845,25.8651308
Abono,6863160,6785247,7545959,5536720,8190417,7075973,4854228,3550248,5175651,4567343,Spain,Hard Coal,EDP,24,43.5647589,-5.7183006
Chvaletice,3020820,3763084,3413197,2285694,3042731,4360766,3715409,2242402,3398295,4555826,Czechia,Lignite,Severní Energetická a.s.,25,50.0293085,15.4498576
Schkopau,5667523,5530643,5351933,5132962,5502113,6058441,3773318,2970535,4409079,4387507,Germany,Lignite,Uniper,26,51.4010315,11.9488631
Jaworzno 3,7141410,4831922,5389789,5481777,6921290,5462355,4576575,3489652,4531772,4270740,Poland,Hard Coal,Tauron,27,50.2030465,19.2051617
DK6 ,3695124,3939329,4148900,4298277,5009260,4502154,4608124,3885117,4441661,3954748,France,Gas,ENGIE,28,51.0482216,2.3284088
Velsen (blast furnace gas),3851617,3984095,4053148,3633608,3975578,3768890,3875534,3418661,4026054,3911507,Netherlands,Other Fossil Fuel,Vattenfall,29,52.4715238,4.6343695
Eesti Elektrijaam,10667854,9683037,7080114,7938499,8357064,7758535,3429357,1650070,2607958,3848636,Estonia,Oil,Eesti Energia AS,30,59.272913,27.8948767
Datteln,1532708,278318,42222,35153,187895,32103,53504,1970002,3815258,3823696,Germany,Hard Coal,Uniper,31,51.62842,7.33092
Taranto (blast furnace gas),5663609,6622697,4804006,5988650,4968764,4693674,4351677,3442085,4405242,3745729,Italy,Other Fossil Fuel,ArcelorMittal,32,40.4919978,17.2147064
Rybnik,8385181,7246717,6548392,7050817,6484111,5249573,4357483,2813803,5070085,3599582,Poland,Hard Coal,PGE,33,50.1338947,18.5359341
Hallendorf (blast furnace gas),3319436,3591278,3133447,3396232,3323278,3528583,3453216,3124361,3639988,3550995,Germany,Other Fossil Fuel,Salzgitter Flachstahl GmbH,34,52.1610603,10.4309086
Prunerov,4859038,4478935,4914915,5609842,4954321,4538392,5128437,3435526,3494895,3522951,Czechia,Lignite,CEZ,35,50.3759918,13.2713221
Maasvlakte,6677210,6089869,5895070,5950127,7281563,4866236,2555625,3391680,3927590,3516932,Netherlands,Hard Coal,Uniper,36,51.9533451,4.0232941
Matra,6332911,6420588,6363197,6483882,5770589,5245773,4496752,4193652,3472486,3459855,Hungary,Lignite,RWE,37,47.793754,20.0493087
Rovinari,4291363,4469942,5412542,5460945,5782942,5191433,4628600,3104257,3833007,3441249,Romania,Lignite,CE Oltenia SA,38,44.9083222,23.1400742
Tusimice,4554086,4613958,4658430,4726561,4252928,4418179,4281574,3729131,3399410,3393892,Czechia,Lignite,CEZ,39,50.3809443,13.3362428
Zakład Wytwarzania Nowa (blast furnace gas),2728049,3368315,3668708,3583418,3467473,3339922,3298900,3516003,3483560,3168359,Poland,Other Fossil Fuel,ArcelorMittal/Tauron,40,50.3455391,19.2690252
Scholven/Buer,10221138,8808734,4593385,4242313,4300742,4279504,4063828,3448243,3090611,3114331,Germany,Hard Coal,Uniper,41,51.5970045,7.004523
Luenen-Stummhafen,2806533,3674288,2078468,3428828,2647439,3185740,2712497,1329736,3071500,3111145,Germany,Hard Coal,Trianel Group,42,51.612515,7.4652485
Ledvice IV,1701712,1117278,708564,585054,466649,515274,223411,535238,3781199,3046395,Czechia,Lignite,CEZ,43,50.0433092,14.4388741
Fiume Santo,3488407,3187814,2404218,2534826,3513929,3159654,3318055,3082912,2391215,2943816,Italy,Hard Coal,EPH,44,40.7331166,8.5481588
Siekierki,3287897,3156409,2842416,2969659,3047184,3127572,2961052,2731319,3101120,2939311,Poland,Hard Coal,PGNiG,45,52.1925516,21.0886322
Fusina,4427885,4838368,5779411,4666666,3682848,3556557,1979131,441932,1007682,2872828,Italy,Hard Coal,Enel,46,45.4327856,12.2464517
Huckingen (blast furnace gas),4061657,3974568,3589568,2898255,3221175,2765043,2680343,2351848,3173542,2861874,Germany,Other Fossil Fuel,RWE,47,51.3703495,6.7266738
Duisburg-Walsum,3309313,4627648,4307843,4796896,3125023,3321056,3087344,2062745,2085544,2775858,Germany,Hard Coal,STEAG GmbH,48,51.526775,6.7184471
Laziska,3977321,3445336,3784947,3703360,3879920,3154175,3026691,1773839,2673905,2741850,Poland,Hard Coal,Tauron,49,50.1314565,18.8459864
Ostroleka,2823847,2934580,2017491,2300685,2320639,2271776,1849931,1476893,2329460,2739890,Poland,Hard Coal,Energa,50,53.1043038,21.6131539
Płock CCGT,2752906,2564662,2912920,2942060,2904933,2653157,2588426,2612010,2647189,2661471.82,Poland,Gas,Orlen Group,51,52.5887593,19.655524
Sostanj,4362082,3530977,3791039,4148697,4073442,3927162,3817347,3760438,3375040,2660753,Slovenia,Lignite,HSE,52,46.3740244,15.0514762
Moneypoint,3889217,3786287,4520902,4415895,3461942,1959530,664162,879172,3228756,2652354,Ireland,Hard Coal,ESB Group,53,52.6070026,-9.42428
Stabilimento di Ferrera Erbognone,2425683,2503342,2632021,2752418,2831226,2829740,2451557,2192974,1986653,2551047,Italy,Gas,ENI,54,45.1114029,8.8608282
Dolna Odra,4839316,4441563,4691837,4336723,3849980,3480875,2406243,2218933,2269558,2518845,Poland,Hard Coal,PGE,55,53.2070295,14.4653167
Maasvlakte New,183009,2151686,2784081,3188127,3436408,3211025,2211747,16978,1849985,2490621,Netherlands,Hard Coal,ENGIE,56,51.9440088,4.0634699
ArcelorMittal Bremen (blast furnace gas),2185868,2713278,2515126,2845273,2322631,2481393,2463056,1751452,2519316,2473406,Germany,Other Fossil Fuel,ArcelorMittal Bremen GmbH,57,53.139791,8.7120512
Duisburg Hamborn (blast furnace gas),3026552,3021687,3183100,4396101,3625702,3556180,2286362,2214436,3105846,2470829,Germany,Other Fossil Fuel,ThyssenKrupp Steel Europe AG,58,51.4913158,6.7408265
Stabilimento di Brindisi,2135679,1982785,2091170,2371378,2426577,2432711,2552877,2587649,2622785,2428705,Italy,Gas,ENI,59,40.6304046,17.9567946
Turceni,4169782,4476006,4454326,4159951,4429457,4069124,3296552,2238437,2400383,2425145,Romania,Lignite,CE Oltenia SA,60,44.674076,23.374199
Steel Kosice,,,,,3210899,3310057,2451745,2218053,3115335,2424065,Slovakia,Other Fossil Fuel,Ferroenergy s.r.o.,61,48.6228046,21.1924367
Patnow II,2532137,2488611,2350415,2027837,2605436,2454232,2450404,2402875,2207942,2241205,Poland,Lignite,ZEPAK,62,52.3047997,18.2318854
Jaworzno 2,,,,,,,0,217472,1478110,2176044,Poland,Hard Coal,Tauron,63,50.2117014,19.2257322
Staudinger,2561945,900297,2182690,2427352,1889339,1583274,1151748,924225,1012282,2094305,Germany,Hard Coal,Uniper,64,50.0877398,8.9564233
Hamborn Block 5 (blast furnace gas),2681646,2808185,3270199,2559445,2832910,2587692,3143109,2468646,2406635,2066398,Germany,Other Fossil Fuel,thyssenkrupp AG,65,51.4913158,6.7408265
Bergkamen,3471635,2945802,2744777,2823880,1639651,1586512,704134,348234,849908,1989681,Germany,Hard Coal,STEAG GmbH,66,51.6388949,7.6164638
EAC Vasilikos,1405691,1674982,1807252,1926291,1814494,1858807,2043605,1590057,1894022,1946384,Cyprus,Oil,Electricity Authority of Cyprus,67,34.7022123,33.0564103
Priolo Gargallo,3111732,2677710,1929216,2284352,1944689,1795868,1702483,1679929,207880,1915412,Italy,Oil,ERG Group,68,37.1551993,15.1913663
Heilbronn,4132820,3284784,3178511,2388302,2394697,2712379,1338801,637633,2110585,1914021,Germany,Hard Coal,EnBW Energie Baden-Württemberg AG,69,49.17108,9.2079503
Kladno,1595278,1898636,1913422,2055719,1880986,1938676,1832446,1750027,1744353,1890018,Czechia,Lignite,Alpiq Generation,70,50.1523196,14.1254808
Duisburg Hamborn - heat,1990393,1901911,2204317,2070524,2001687,1948081,1999936,1976698,1481644,1872039,Germany,Other Fossil Fuel,ThyssenKrupp Steel Europe AG,71,51.4913158,6.7408265
Granadilla,1734852,1811929,1765415,1814723,1913517,1869570,1755493,1719243,1737194,1857529,Spain,Oil,"Unión Eléctrica de Canarias Generación, S.A.U.",72,28.1222699,-16.5768911
Zeran,2488481,2273446,2324804,2303302,2339049,2224942,2171620,2096514,2090497,1844832,Poland,Hard Coal,PGNiG,73,52.2930197,20.9985763
San Filippo del Mela,1235924,1269134,2004529,1142812,1222687,688926,728325,657769,1347418,1838449,Italy,Oil,A2A,74,38.1919238,15.2851315
Brazi CCGT,1021941,472717,976156,1069561,967559,1396196,1256180,1535651,1749063,1812460,Romania,Gas,S.C. OMV Petrom S.A.,75,44.8743876,25.9843438
Eisenhüttenstadt (blast furnace gas),2045766,1840240,2157850,1873277,2245648,2140988,1940315,1847902,1734143,1807700,Germany,Other Fossil Fuel,Vulkan Energiewirtschaft Oderbrücke GmbH,76,52.1611794,14.6288292
Vresova,4096236,4098901,4280672,4399928,4203405,4104374,3875256,3264758,2237283,1795724,Czechia,Lignite,Sokolovská Uhelná AS,77,50.2588355,12.6909007
Ravenna,1797794,1585969,1692476,1732616,1820084,1709384,1860452,1810142,1922386,1793923,Italy,Gas,ENI,78,44.4431986,12.2315129
Zavod 4 (blast furnace gas),2489107,2439936,2209436,2374980,2252840,2393464,1931885,1649122,2040795,1784768,Czechia,Other Fossil Fuel,TAMEH Czech,79,49.7963502,18.3031154
Los Barrios,2530651,2678793,3499191,2228648,2916517,2841694,630376,5866,0,1767510,Spain,Hard Coal,Viesgo,80,37.9752754,-1.2368537
Rostock,2416047,2577847,2339152,2636984,2335824,1845401,1728202,911345,2075837,1736087,Germany,Hard Coal,KNG Kraftwerks- und Netzgesellschaft mbH,81,54.141205,12.12918
Mantova,1706590,1645805,1690474,1696798,1715695,1760131,1649394,1757055,1863085,1719020,Italy,Gas,ENI,82,45.145166,10.833619
Pego,50525,2681,221916,417620,1326524,742714,851369,1092531,1163308,1716911,Portugal,Gas,Elecgas,83,39.4617794,-8.1496242
Hannover,1703428,1723873,1726850,1667128,1590978,1630746,1209372,1057616,1354944,1697240,Germany,Hard Coal,GKH - Gemeinschaftskraftwerk Hannover GmbH,84,52.4206915,9.6491001
Wilhelmshaven New,101548,1169342,2656618,1069696,2114040,1938111,1398848,553554,1920025,1686872,Germany,Hard Coal,Riverstone Holdings,85,53.579168,8.1326971
Torviscosa,863690,842847,813640,1475758,1618362,1398816,1420371,1256689,1142591,1663817,Italy,Gas,EDF,86,45.8232717,13.2750484
Krakow,1866960,1747087,1782340,1909684,1775841,1721648,1574257,1564982,1855058,1658417,Poland,Hard Coal,PGE,87,50.0539198,20.0033562
Herne,2624660,2690803,2654608,2173726,1531134,1311527,1132980,851369,1250147,1658165,Germany,Hard Coal,STEAG GmbH,88,51.5477034,7.1809944
Berlin-Reuter West,2870812,3036494,2976143,2531294,2491619,2151083,1577107,1608847,1564208,1637895,Germany,Hard Coal,Vattenfall Wärme Berlin Aktiengesellschaft,89,52.5337203,13.2405928
Soto de Ribera,1066475,1356362,2925818,1052051,1414336,1005791,63661,49254,836299,1610976,Spain,Hard Coal,EDP,90,43.3079305,-5.8786815
Melnik I,1866481,1560120,1568591,1715349,1628608,1321799,1178214,1347209,1563087,1597233,Czechia,Lignite,CEZ,91,50.4244054,14.3899391
Catagena,856250,847233,633350,182429,881640,821244,1074788,1190226,1126696,1595629,Spain,Gas,Naturgy,92,37.5777608,-0.9166755
Cordemais,4640915,2575315,2135950,1686878,3791336,2806223,542030,623638,2394059,1592537,France,Hard Coal,EDF,93,47.2778366,-1.8750965
Barranco Tirajana,1621311,1615295,1595005,1596866,1670626,1620654,1616721,1672082,1580228,1590817,Spain,Oil,"Unión Eléctrica de Canarias Generación, S.A.U.",94,27.8089386,-15.4483623
Ostiglia,954093,600516,886466,936149,1420979,1029338,1033479,1445605,1795088,1576767,Italy,Gas,EPH,95,45.0700949,11.1363594
Di La Casella,301770,178471,227543,1054820,972223,639191,817264,1169731,1844305,1572812,Italy,Gas,ENEL,96,45.063925,9.49995
Megalopolis 4,,,,,,1418379,2098608,980450,1760385,1550842,Greece,Lignite,ΔΕΗ,97,37.9858646,23.7254201
Ijmond (blast furnace gas),2014494,2115650,1984210,2149598,1719252,2028012,1751361,1725331,1738870,1541031,Netherlands,Other Fossil Fuel,Vattenfall,98,52.4715238,4.6343695
Třinecké železárny (blast furnace gas),1818359,1830527,1819211,1842539,1560783,1577655,1571869,1545462,1507125,1540047,Czechia,Other Fossil Fuel,TZ-MS Group,99,49.6842696,18.6485017
Altbach/Deizisau,3106423,2115746,1661245,1919622,1250276,1260650,1009162,722621,1184730,1536543,Germany,Hard Coal,EnBW Energie Baden-Württemberg AG,100,48.7206095,9.3764345
Tavazzano e Montanaso,1370519,770212,917761,713204,1214383,1230505,1539099,1400500,1649336,1536227,Italy,Gas,EPH,101,45.3296279,9.4413614
Lagisza,3025406,2496824,2912395,2061954,1869428,2268234,1174996,2292443,1563538,1519337,Poland,Hard Coal,Tauron,102,50.3499392,19.1407479
Palos de la Frontera,551711,228857,68466,25677,150146,88604,13427,157647,656974,1468073,Spain,Gas,Naturgy,103,37.2288942,-6.8954258
Opatovice,2218701,2115475,1467416,1792259,1967695,1919466,1405208,1455373,1691752,1466281,Czechia,Lignite,EPH,104,50.1454119,15.7904532
Castejón - Total,146017,155410,299646,495092,534402,258020,796694,607181,1115046,1450843,Spain,Gas,Total,105,42.1717973,-1.6870303
Martigues,207941,189226,356500,1156074,1485060,904596,1428184,1065455,894344,1446231,France,Gas,EDF,106,43.3529663,5.0281758
Tapada do Outeiro,250434,368045,792808,1004750,1456566,1501817,1286601,1287959,1441014,1443087,Portugal,Gas,ENGIE,107,41.0669346,-8.4595716
Ludwigshafen BASF power plant,1557719,1788544,1704339,1671529,1616377,1696921,1577742,1613588,1674130,1433907,Germany,Gas,BASF SE,108,49.496315,8.4272839
Soto de Ribera,124128,124826,149191,145934,269388,233966,808628,925742,965472,1417365,Spain,Gas,EDP,109,43.3181689,-5.8751124
Zolling-Leininger,2022675,1778371,1740813,1639527,1502946,1237777,929686,848136,1378945,1411172,Germany,Hard Coal,Electrabel S.A.,110,48.4561795,11.8001059
Simeri Crichi,907648,945955,1026183,1237800,1476170,1417549,1634511,1147394,1346222,1392859,Italy,Gas,EDF,111,38.9097919,16.5876516
Sulcis,1425100,1647503,1294280,678378,1073462,1001390,1151839,1237383,1570620,1389885,Italy,Hard Coal,Enel,112,39.2063711,8.4047163
Heyden,4130190,2189322,2757365,3004101,1977821,1744340,645248,901613,323231,1382813,Germany,Hard Coal,Uniper,113,52.3791254,8.995984
Emsland (Lingen),732680,395063,568913,1691666,1694185,1184094,1933788,2120000,1389004,1369575,Germany,Gas,RWE,114,52.4825534,7.2996426
Sagunto,1281611,1390482,1361509,1180410,1028194,981925,934738,776064,728348,1358419,Spain,Gas,Naturgy,115,39.6801121,-0.2784001
Termini Imerese,1007273,961813,1469910,1025238,655518,592752,652402,712157,1023532,1327576,Italy,Gas,ENEL,116,37.9694719,13.7452086
Esbjerg,2045749,1448072,875783,1212705,767819,1066679,714748,1008034,1185226,1322885,Denmark,Hard Coal,Ørsted,117,55.4561578,8.4551076
Kardia,8905278,8548594,8870729,5589447,6397011,5791829,2870188,1967960,1313180,1320265.219,Greece,Lignite,ΔΕΗ,118,40.4480165,21.8158699
Wolfsburg West,1610447,1841809,1847361,1797455,1721936,1688622,1668927,1514435,1503809,1310553,Germany,Hard Coal,VOLKSWAGEN AKTIENGESELLSCHAFT,119,52.4340092,10.7715825
Simmering 1+2,682695,675066,840781,774776,955809,817246,1389140,1098758,1148493,1296502,Austria,Gas,Wien Energie Group,120,48.1824612,16.4291853
Mytilineos CCGT,1165202,1179691,1187290,1218625,1198554,1197688,1215094,1260158,1272331,1296053,Greece,Gas,Mytilineos,121,38.3732116,22.681062
Plomin,2185593,2152115,2030760,2255311,1230803,1157607,1349361,1021767,1221356,1295151,Croatia,Hard Coal,HEP d.d.,122,45.1356611,14.1698663
Hanasaari B,912810,1061223,715833,1268514,1419097,1270179,1303017,973419,817383,1289923,Finland,Hard Coal,Helen,123,60.1836667,24.970467
Wedel,1285391,1335907,1400122,1329048,1137334,1170198,1112347,1091469,1040344,1269879,Germany,Hard Coal,Wärme Hamburg GmbH,124,53.5692572,9.7245776
Bahía de Algeciras,383,13889,173498,452645,825970,229524,1236840,1038549,849362,1268729,Spain,Gas,Repsol,125,36.1811812,-5.3857755
Amorebieta,67948,72426,297317,253659,355611,224741,824858,646850,729705,1248404,Spain,Gas,"BIZKAIA ENERGIA, SLU",126,43.24006,-2.7496725
Gdansk 2,1139261,1059728,1088560,1185401,1236591,1234900,1198825,1174873,1335356,1246791,Poland,Hard Coal,PGE,127,54.3778939,18.6431568
As Pontes,113205,148627,76297,192158,556520,296796,735230,49523,802210,1225482,Spain,Hard Coal,ENEL,128,43.456565,-7.8884881
Eemscentrale,1623948,1928255,1583206,2208214,1966312,1765883,2111706,1755764,1354285,1224977,Netherlands,Gas,ENGIE,129,53.436836,6.8796322
Bremen-Farge,1691001,1326328,1463745,961333,1259810,1176893,542513,353086,879703,1222480,Germany,Hard Coal,Electrabel S.A.,130,53.2018162,8.517071
Maximacentrale,1418476,1376803,1233567,1346260,1164623,1292504,1842058,1789174,949882,1221772,Netherlands,Gas,ENGIE,131,52.5757241,5.5293933
Hamburg-Tiefstack,1332735,1274327,1295279,1296112,1213337,1174604,1069564,1115818,1122807,1213015,Germany,Hard Coal,Wärme Hamburg GmbH,132,53.5261971,10.0674369
Munich North,2032478,1754452,1902717,1827049,1701489,1346205,1462508,881022,971094,1194901,Germany,Hard Coal,SWM Services GmbH,133,48.1803797,11.6403235
Eemshaven,734257,610042,585059,1262111,1597508,1555658,2563489,2246606,1285081,1190899,Netherlands,Gas,Vattenfall,134,53.4514511,6.8542156
Wroclaw,1167706,1072081,1081987,1197061,1167224,1185847,1128363,1098963,1201177,1189414,Poland,Hard Coal,PGE,135,51.1248883,17.0256632
Bouchain,,,,678457,1061463,910716,989767,843138,1046180,1187726,France,Gas,EDF,136,50.2701791,3.3110008
Ribatejo,96209,100451,290989,626115,945110,869142,930435,875259,785806,1185427,Portugal,Gas,EDP,137,39.0068029,-8.9529687
Patnow I,5931849,5259965,5371308,5365079,4766368,4611181,4153039,3079750,2660918,1184719,Poland,Lignite,ZEPAK,138,52.3047997,18.2318854
Chemnitz North II,1142876,979498,942323,913543,1102398,1041764,1003363,896368,1082134,1167978,Germany,Lignite,eins energie in sachsen GmbH & Co. KG,139,50.857025,12.9231515
Marl,2182394,2247149,1887037,1517311,1701963,1643452,1566925,1614210,1417437,1165205,Germany,Hard Coal,Evonik Operations GmbH,140,51.6787945,7.0949199
Pergen,1292130,1194646,1231672,1228840,1174220,1267051,1238037,1234960,1209448,1154360,Netherlands,Gas,Air Liquide,141,51.8760535,4.3466309
Skawina,1502218,1516040,1564082,1511824,1454765,1460511,1011513,1122539,1197896,1147635,Poland,Hard Coal,CEZ,142,49.9742916,19.8019098
Altomonte,554649,472035,1080537,1123085,1551492,1399977,1433221,1200239,829488,1143418,Italy,Gas,EDF,143,39.6984817,16.1289488
Porto Corsini,80982,31513,44779,420816,410688,348868,879052,788084,944328,1138841,Italy,Gas,ENEL,144,44.4836897,12.2635624
Moncalieri,1574003,1104833,961723,1187156,1460227,1370271,1424955,1250059,1269069,1137974,Italy,Gas,Iren SpA,145,44.9919886,7.6748044
Puławy,1469200,1451478,1408645,1453240,1257488,1346986,1405473,1275201,1388139,1127492,Poland,Hard Coal,Grupa Azoty,146,51.4518429,21.9808619
Enecogen,400218,893375,907946,1309359,1725324,1509842,1995379,1903268,1429012,1126575,Netherlands,Gas,Mitsubishi Corporation,147,51.9569193,4.0895229
Dhekelia,1412330,1254445,1203009,1347983,1435182,1435044,1222334,1385606,1153120,1125505,Cyprus,Oil,Electricity Authority of Cyprus,148,34.9182222,33.6200625
Chivasso,227645,1,144273,365829,807454,867697,973008,983108,1059582,1122828,Italy,Gas,A2A,149,45.1872139,7.9006616
Chorzow 2,938560,920696,1082121,1181539,1354606,1354248,1319379,1187540,1099915,1120668,Poland,Hard Coal,CEZ,150,50.308267,18.9710955
Sloecentrale,1119570,1337670,902185,1418460,1259749,1302468,1725978,1798500,1271418,1104337,Netherlands,Gas,EDF,151,51.4452028,3.6952143
Kraftwerk Irsching,330118,50482,226803,85738,58318,16477,23531,617622,1465600,1104197,Germany,Gas,Uniper,152,48.7679508,11.5825409
Megalopoli B,2847872,2418698,2205148,2378802,2609505,956916,606735,863406,1303707,1102832,Greece,Lignite,ΔΕΗ,153,37.401244,22.1364871
Tisova,1473748,1449141,1562430,1385616,1362018,1233258,609484,415771,763411,1098962,Czechia,Lignite,Sokolovská Uhelná AS,154,50.1500848,12.609539
Livorno Ferraris,735680,519649,919368,1052269,1631910,1351092,1584402,1367794,1649651,1092716,Italy,Gas,EPH,155,45.281749,8.0920724
Stabilimento di Ferrara,1331256,1178440,1278618,1579538,1624106,1559622,1530614,1090948,1449393,1084656,Italy,Gas,ENI,156,44.8594441,11.5954038
Petrobrazi refinery power plant,1191040,1015444,1011926,985749,995531,983911,1062993,1048840,1052362,1078584,Romania,Oil,PETROM SA - Membru OMV GRUP,157,44.8828495,26.016432
Isalnita,1652543,2378893,2608863,1760749,2357658,2528089,1818205,881255,1116183,1076572,Romania,Lignite,CE Oltenia SA,158,44.3939534,23.7247375
Lavrio,910971,876120,570065,593781,1009835,381808,1024881,1061656,1396905,1075507,Greece,Gas,ΔΕΗ,159,37.7188511,24.0484129
Novaky,2299035,2077299,2143125,1854213,1789587,1578201,1503209,1214889,1165923,1074819,Slovakia,Lignite,EPH,160,48.6938049,18.5301263
Detmarovice,2068701,1949108,2351694,2366731,1568742,1256488,518667,376214,1165576,1072022,Czechia,Hard Coal,CEZ,161,49.9053667,18.4647067
Vado Ligure,3918141,1304482,500448,863113,1171532,983443,745710,500157,633270,1070746,Italy,Gas,ENGIE,162,44.2780031,8.4327133
Heizkraftwerk Niehl,565300,886446,535924,1470182,1519145,1250341,1762167,1605387,1437843,1059082,Germany,Gas,RheinEnergie AG,163,50.9743488,6.9899614
Diemen,1043709,1061649,944331,983910,1063245,1218820,1287229,1320706,1265502,1054189,Netherlands,Gas,Vattenfall,164,52.3387978,5.0211088
Poznan-Karolin,1153452,1043303,1144354,1110598,1227413,1294641,1141567,1175273,1313154,1050986,Poland,Hard Coal,Veolia,165,52.4378744,16.9849715
Balti Elektrijaam,2208958,2236011,1408713,1626481,1602600,1125188,915035,399305,645847,1036068,Estonia,Oil,Eesti Energia AS,166,59.3537973,28.119158
Voelklingen-Fenne model,1578603,1631654,1687422,1492487,1046184,1014192,648753,592800,646600,1030358,Germany,Hard Coal,STEAG GmbH,167,49.2479861,6.8820194
Gichtgaskraftwerk Dillingen/Saar (blast furnace gas),1256058,1349715,1226529,1228151,1262255,875915,1125655,831857,1151493,1029540,Germany,Other Fossil Fuel,Bruchteilsgemeinschaft,168,49.3553758,6.7317259
Turano Lodigiano,622969,485389,513798,412070,577525,637230,790050,538261,681607,1024162,Italy,Gas,F2i,169,45.4821569,9.1957786
Craiova II,1120185,1164735,1241520,1303931,1290216,1265999,1268134,930953,919154,1012091,Romania,Lignite,CE Oltenia SA,170,44.343866,23.818134
Mehrum,3254376,2836020,2540432,1757403,1929983,2319751,710340,835712,875157,1002356,Germany,Hard Coal,Kraftwerk Mehrum GmbH,171,52.3169235,10.0948986
Cas Tresorer,152742,148963,220734,145289,193330,205172,359837,738645,920742,995919,Spain,Gas,ENEL,172,39.5620229,2.692746
Nordjylland,2167889,2038561,1269764,1633507,1142840,1222200,768432,732692,1314903,995140,Denmark,Hard Coal,Aalborg Forsyning,173,57.0725431,10.0424874
Clauscentrale,713739,229082,13,14,19,21,126367,2153734,1676716,993126,Netherlands,Gas,RWE,174,51.1496155,5.9077771
Arcos,50172,39638,82337,362282,353213,655466,1692647,948375,841953,990452,Spain,Gas,Iberdrola,175,36.7543968,-5.8186085
Amer,5881587,6389014,5669492,3520986,3575313,2251751,1833587,942156,546211,978205,Netherlands,Hard Coal,RWE,176,51.7112209,4.8413421
Dormagen,1382096,1102348,1213984,1585620,1388788,1060583,1229238,1123777,1063848,973948,Germany,Gas,RWE,177,51.0907133,6.8118573
Raffineriekraftwerk Leuna,920047,811161,902303,910573,886231,926472,890029,942454,837957,973323,Germany,Gas,RKB Raffinerie-Kraftwerks-Betriebs GmbH,178,51.3254558,12.0128686
Escatrón CCGT,1536,13532,26881,233,341214,38,722319,787538,209829,957832,Spain,Gas,Repsol,179,41.2210368,-0.3793816
Centrale Electrique Pont sur Sambre,219775,61559,211016,579740,758570,449881,559152,658454,554972,956254,France,Gas,Total,180,50.230486,3.867405
Voghera,473143,617516,623575,836799,691452,802791,778304,757988,646887,954329,Italy,Gas,ENGIE,181,45.0295075,8.974448
CCGT Płock,,,,,0,739088,1460944,1460196,946905,952013.9943,Poland,Gas,Orlen Group,182,52.5887593,19.655524
Heizkraftwerk GuD Süd,1234573,1003446,1131463,1319882,1367311,1202453,1212205,1204757,1442015,940698,Germany,Gas,BASF SE,183,49.496315,8.4272839
Whitegate Power Station,744346,652365,752676,960410,989262,678359,923191,765553,64239,939783,Ireland,Gas,Centrica,184,51.8161535,-8.2611528
ERG CCGT,1382429,1259142,1230604,1215501,1130171,1008423,1154869,1147454,921245,938930,Italy,Gas,ERG Group,185,37.1509259,15.1925059
Cassano D'Adda,327923,295452,258973,324961,629226,542720,528603,478576,652194,937515,Italy,Gas,A2A,186,45.5125744,9.508383
As Pontes,6610765,6909512,7542286,6930136,8115483,7936709,2314687,1005656,520748,930291,Spain,Hard Coal,ENEL,187,43.4743025,-7.8395151
Melitis (Florina),1452834,2098480,1605506,1557925,2273794,1876833,1412168,973593,744436,928681,Greece,Lignite,ΔΕΗ,188,40.83,21.581667
Calenia Energia,686272,411986,1115847,848538,930761,805925,1179413,777390,984829,926577,Italy,Gas,AXPO Holding,189,41.1768566,14.0983279
Komorany,1103040,771349,811611,918202,1146500,983065,621043,590896,826466,922607,Czechia,Lignite,EPH,190,50.5220445,13.5737547
Roselectra,515606,478050,693993,792571,870258,577930,798715,766017,856830,918567,Italy,Gas,ENGIE,191,43.3860989,10.4433
Lausward,253796,215733,384917,1076256,1041684,1107614,1144305,1377984,1089909,915963,Germany,Gas,Stadtwerke Düsseldorf AG,192,51.2231865,6.735621
Emile-Huchet,3683432,1976690,2818871,2697848,3699604,2385583,1892450,102395,515214,914017,France,Hard Coal,EPH,193,49.10524,6.70782
Frechen/Wachtberg,1699684,1549477,1496057,1197198,1312134,1342724,1183566,882559,851553,913185,Germany,Lignite,RWE,194,50.8989744,6.7975926
Auvere Elektrijaam,,12003,572774,1046924,1359925,1519008,648539,798017,885666,910442,Estonia,Oil,Eesti Energia AS,195,59.3186346,27.9158381
Gönyűi,104228,257734,353488,560268,750200,845676,912200,810153,830836,897078,Hungary,Gas,Uniper,196,47.7339973,17.8093402
Studstrup,2555142,1849965,1477579,1380714,475338,823549,352343,513917,689376,893603,Denmark,Hard Coal,Ørsted,197,56.2507965,10.3414312
San Severo,471994,467273,565732,579479,709306,636514,499053,660832,759066,889961,Italy,Gas,Alpiq,198,41.6854203,15.3795161
Salmisaari,671910,549367,635540,991391,962426,864730,906398,630654,886506,864975,Finland,Hard Coal,Helen,199,60.16419,24.9051743
Tepláreň,738067,572846,660975,752803,729267,776743,759828,783029,784609,861297,Slovakia,Other Fossil Fuel,"SLOVNAFT, a.s.",200,48.1281993,17.1766007
Lodz 4,657359,646548,769004,900368,929878,895957,693780,693532,901382,860421,Poland,Hard Coal,Veolia,201,51.7480589,19.5422604
Marghera Levante,890968,499931,896407,917922,881342,843083,871912,783808,784975,859371,Italy,Gas,EDF,202,45.4447224,12.2196386
Te-TO Zagreb,746207,368784,411123,439513,836017,550601,648733,773758,755894,859167,Croatia,Gas,HEP Group,203,45.7836984,16.0143936
Inowrocław CHP,696783,683586,662663,849054,860775,878706,855800,835801,821609,854461,Poland,Hard Coal,CIECH Group,204,52.7494277,18.2496066
Frankfurt/Main West,948863,871180,845063,824067,929738,709806,638448,602643,827054,853749,Germany,Hard Coal,Mainova Aktiengesellschaft,205,50.1187541,8.6333669
Siersza,1757898,1311261,1816763,1597860,1538045,1373302,1177875,751495,992819,840339,Poland,Hard Coal,Tauron,206,50.1931448,19.4179283
Port-Est,256716,457493,438041,516252,561698,518689,636288,600042,799917,834828,France,Oil,EDF,207,46.227638,2.213749
Huntstown phase 2,650399,440825,467046,530389,346297,545825,511292,537790,190841,830163,Ireland,Gas,I Squared Capital,208,53.3890957,-6.3050539
Bahía de Bizkaia Electricidad,1159517,1075395,676564,500541,469533,315299,806254,437503,201637,827230,Spain,Gas,BP,209,43.3592173,-3.0930087
Torino Nord,744495,452059,898777,873098,819582,852701,838900,872221,904849,811827,Italy,Gas,Iren SpA,210,45.1036679,7.614649
Lodz 3,789881,589473,656150,865511,834130,831302,836325,847449,946355,810417,Poland,Hard Coal,Veolia,211,51.7982393,19.4217661
Bobov Dol,2030790,2301350,2458329,2582966,2149179,1193696,875384,591099,752943,810331,Bulgaria,Lignite,Consortium Energia MK,212,42.26815,23.1113972
Centrale Termoelettrica Leinì,602014,477109,668186,783150,871075,783499,732658,705415,856512,806398,Italy,Gas,ENGIE,213,45.1581833,7.752661
El Fangal,37538,68072,153181,213141,281466,106659,1050911,869001,432048,801732,Spain,Gas,ENGIE,214,37.5658678,-0.9199773
Janikowo,824332,860780,845473,873641,861067,846748,809057,722517,775861,800509,Poland,Hard Coal,CIECH Group,215,52.763738,18.10549
Thiva Heron,553812,233643,165119,496401,436995,553557,601808,454197,665221,790245,Greece,Gas,Heron,216,38.302688,23.3205963
Besós - 5,294850,304226,337569,288253,543192,336260,529458,361010,337382,787077,Spain,Gas,ENEL,217,41.4192755,2.2267023
Centrale Electrique Toul,247879,73688,275530,624474,736046,438328,598905,499745,555754,785851,France,Gas,Total,218,48.693702,5.912116
Korinthos,574694,127693,240917,586751,645133,741227,807918,836045,612246,782074,Greece,Gas,Mytilineos,219,37.9282447,23.1433311
Bexbach,2861582,2060120,2174385,1843866,508496,37768,79358,167776,263604,774976,Germany,Hard Coal,Evonik Industries AG,220,49.3538196,7.2471311
Nuova Rosen,1255315,1272124,1304884,1389660,988780,781113,759059,754547,790788,773396,Italy,Gas,GDF SUEZ ENERGIA ITALIA S.p.A.,221,43.3860989,10.4433
Krefeld-Uerdingen,991003,891083,950446,994140,888622,943348,977244,839907,861251,763522,Germany,Hard Coal,Currenta GmbH & Co. OHG,222,51.37204,6.649869
Sermide,457599,225769,394739,354127,437477,556195,575675,486292,686608,761288,Italy,Gas,A2A,223,45.022955,11.254988
Leverkusen,804073,757014,760235,718721,705942,731566,648572,573315,754444,750384,Germany,Hard Coal,Currenta GmbH & Co. OHG,224,51.0459248,7.0192196
Melnik II/III,2291232,3163683,3112351,2647516,2511886,2357993,2760689,1584673,827316,750108,Czechia,Lignite,CEZ,225,50.416993,14.4126
Rizziconi Energia,370074,205140,1429434,1120756,1196598,916268,1083491,1075554,951542,743911,Italy,Gas,AXPO Holding,226,38.4426907,15.9883382
Goldenberg,1501208,1277618,1164166,898303,847900,804094,807126,778005,766976,739226,Germany,Lignite,RWE,227,50.8618065,6.8414074
Huntstown Power Station,124041,41113,329204,263863,586567,497590,686180,657649,775793,735149,Ireland,Gas,I Squared Capital,228,53.3890957,-6.3050539
Centrale Cycofos,85651,0,152920,577833,538826,357831,494862,509454,468489,732870,France,Gas,ENGIE,229,43.437882,4.945711
Centrale Di Gissi,112601,129832,260824,419518,439173,418561,726647,907154,886581,731555,Italy,Gas,A2A,230,42.049696,14.5611804
Central Termoeléctrica de Lares,234180,124676,719354,759888,1280730,668646,1245769,1219757,646705,728827,Portugal,Gas,EDP,231,41.6507161,-8.4332813
Bydgoszcz II,798087,725139,754880,723306,726992,696261,700824,669175,728713,723452,Poland,Hard Coal,PGE,232,53.1036907,18.0882151
Trebovice,1204552,1200413,1153778,1167923,990778,852244,735172,753285,805867,722349,Czechia,Hard Coal,Veolia,233,49.8300264,18.210927
Son Reus,96498,112219,234383,191105,99960,170096,152772,379928,632361,722164,Spain,Gas,ENEL,234,39.6455071,2.6796665
Bremen-Hastedt,772367,687726,779277,737797,774343,702955,732012,666521,696256,719066,Germany,Hard Coal,swb Erzeugung AG & Co. KG,235,53.0873597,8.8086241
Atherinolakkos,693567,729602,732837,753549,769027,791972,790285,763639,769180,716665,Greece,Oil,ΔΕΗ,236,35.0038681,26.1410808
Bucuresti Sud,842720,868382,883239,781258,920409,839345,792976,571955,764862,711648,Romania,Gas,SC Electrocentrala Bucuresti SA,237,44.4037788,26.1498837
Aliveri ,400024,557941,666918,535119,782963,839329,664179,846438,888892,702672,Greece,Oil,ΔΕΗ,238,38.4061122,24.0440187
Sabón,347909,82435,62072,72505,122147,31390,593273,804205,641675,699593,Spain,Gas,Naturgy,239,43.314521,-8.5000668
Infraserv Hoechst,987858,957963,926405,1036947,943067,1010150,868571,669900,754600,696885,Germany,Hard Coal,Infraserv GmbH & Co. Höchst KG,240,50.0910506,8.5346812
Candela,876631,925334,987342,1044561,591676,520845,653563,583540,470061,696479,Italy,Gas,EDF,241,41.1844381,15.492985
Amercoeur,737653,967566,887735,945263,836782,844772,842729,880722,800478,688550,Belgium,Gas,ENGIE,242,50.4293057,4.3962596
ISD Power,793264,1019482,1432151,1070320,1503450,1675339,1364188,1244560,866342,688093,Hungary,Other Fossil Fuel,DUNAFERR Company Group,243,46.9501484,18.9466703
Centrale Electrique Bayet,61029,73260,361459,505454,504765,251961,418491,585729,437891,685193,France,Gas,TOTAL DIRECT ENERGIE CENTRALE ELECTRIQUE BAYET,244,46.249259,3.269601
Dublin Bay Power Plant,1088618,1094267,1137015,995019,1042972,1111570,848621,742726,679932,683415,Ireland,Gas,ESB Group,245,53.3436318,-6.2220048
Donaustadt,362332,379018,439413,534586,409794,630614,640791,854315,629300,676597,Austria,Gas,Wien Energie Group,246,48.1989002,16.4604326
Piacenza Levante,334104,263544,428956,312931,657640,642718,607316,504756,558098,675305,Italy,Gas,A2A,247,45.0575227,9.7070353
Köln INEOS,669814,644988,667410,586296,724342,774581,730909,650548,686108,668029,Germany,Gas,INEOS Manufacturing Deutschland GmbH,248,51.0670564,6.8460238
Marzahn,123521,94738,115610,151901,134764,133111,127182,519147,665766,667865,Germany,Gas,Vattenfall Wärme Berlin Aktiengesellschaft,249,52.5251839,13.5234593
Aghada CCGT,451524,449482,337570,544704,501858,686308,489486,675188,807993,666836,Ireland,Gas,ESB Group,250,51.9147726,-8.4698094
Turbigo,372980,393413,633906,765929,508008,480622,956144,1051006,899630,664416,Italy,Gas,Iren SpA,251,45.5240779,8.7348869
Tynagh,168662,446134,217682,341195,323334,510382,754026,675450,773138,655786,Ireland,Gas,EPH,252,53.1636814,-8.3944995
Gdynia,704035,680194,660491,686189,668579,672214,652218,639246,668712,655175,Poland,Hard Coal,PGE,253,54.5540478,18.4706685
Monfalcone,1999525,1775661,2037302,2145154,1920425,1876634,897181,129310,130694,651035,Italy,Hard Coal,A2A,254,45.7985161,13.5478909
ESB Poolbeg Generating Station (CCGT),1026642,794122,104821,364984,189705,273154,311969,543271,659638,649320,Ireland,Gas,ESB Group,255,53.3436442,-6.2221722
Besós - 4 ,791934,830907,818712,865306,926299,852009,256343,691601,750578,648316,Spain,Gas,Naturgy,256,41.4192755,2.2267023
Dampfkessel Wesseling,723925,697866,707017,645513,693452,666491,590473,501378,539379,646384,Germany,Gas,Basell Polyolefine GmbH,257,50.8330656,6.9669816
Orlen Wloclawek Power Plant,,,,0,563218,754164,922750,1049789,1022344,646302,Poland,Gas,Orlen Group,258,52.7334042,18.9660501
Iernut,507620,828793,984053,895835,1024682,646851,333688,531072,378841,640740,Romania,Gas,SC Electrocentrale Bucuresti SA,259,46.4443523,24.2291827
T-Power,157624,514236,792483,919897,909731,865731,964089,868565,558203,636648,Belgium,Gas,Tessenderlo Group NV,260,50.8564603,4.4242332
Kraftwerk Deuben,867710,869828,864269,740216,789370,777347,722951,557089,632647,636060.4258,Germany,Lignite,Mitteldeutsche Braunkohlengesellschaft mbH,261,51.0879105,12.0954003
Trmice,531059,573745,531579,412057,486467,551542,449250,429087,474569,630317,Czechia,Lignite,CEZ,262,50.6458676,13.9850035
Hemweg,4177886,2656850,4195699,3996099,3354315,3610074,3215867,860704,686732,628372,Netherlands,Gas,Vattenfall,263,52.4045845,4.851839
HKW Mitte,923866,795776,831156,872230,974109,935834,935432,824739,832446,627240,Germany,Gas,Vattenfall Wärme Berlin Aktiengesellschaft,264,52.5097496,13.4209655
HKW NB Dresden,726928,617657,660906,752872,741516,724518,725752,713976,770563,616282,Germany,Gas,DREWAG - Stadtwerke Dresden GmbH,265,51.0417609,13.7101155
Thessaloniki ,514123,164915,246978,432088,554427,458439,676736,500773,736435,613363,Greece,Gas,Hellenic Petroleum/EDF,266,40.6810566,22.8650523
Kraftwerk Mainz,1107816,549012,393878,652344,633929,427894,735937,877892,503417,610629,Germany,Gas,Kraftwerke Mainz-Wiesbaden AG,267,50.0253997,8.240795
Blenod,2394907,628113,387147,744667,700708,666894,780339,759015,647558,603523,France,Gas,EDF,268,48.9005724,6.0237362
Pomorzany,710881,692621,763880,468746,399017,417639,464453,757682,654797,600584,Poland,Hard Coal,PGE,269,53.3909778,14.5275045
Thisvi,519671,212847,197708,517363,479269,449917,453606,741242,668701,595738,Greece,Gas,Hellenic Petroleum/EDF,270,38.2301653,22.9517854
Linoperamata,687424,714511,724933,664755,712267,700963,661508,555792,623210,593753,Greece,Oil,ΔΕΗ,271,35.3465828,25.045338
Electrogas Malta,,,,,391529,504298,543885,461767,565264,592401,Malta,Gas,Enemalta PLC,272,35.9012495,14.5165095
Ville/Berrenrath,1079838,1064974,957744,805275,825612,1003949,938525,742056,651177,591893,Germany,Lignite,RWE,273,50.8594417,6.8335602
Campo de Gibraltar,,,,2365,224465,5,542697,258440,277677,590738,Spain,Gas,CEPSA,274,36.2104615,-5.3844317
Centrale Drogenbos,320545,157606,329818,186152,196658,335268,397779,504843,438302,587208,Belgium,Gas,ENGIE,275,50.8023839,4.3019432
Alpiq Csepel II,492473,269733,293054,316459,320692,305071,297354,412766,513447,585614,Hungary,Gas,EOS Holdings,276,47.4274808,19.0532709
Besós - 3,67932,117018,347780,409494,378049,508026,485112,440226,446521,585371,Spain,Gas,ENEL,277,41.4295347,2.2118923
Sofia Iztok CCGT,576336,553755,570905,532087,538402,556135,582082,578251,677168,577062,Bulgaria,Gas,Toplofikacia Sofia EAD,278,42.6977082,23.3218675
Zandvliet-Power,816161,378298,768479,797697,695510,781124,800862,852041,617644,576751,Belgium,Gas,ENGIE,279,51.3639105,4.2529356
Centrale Combigolfe,141123,144290,443414,656620,657756,419076,522952,575215,393541,573870,France,Gas,ENGIE,280,43.4354762,4.8308344
Albioma le Gol,787036,795098,739532,695761,727746,695494,709287,727160,700139,572485,France,Hard Coal,ALBIOMA,281,46.227638,2.213749
Marcinelle Energie,513616,263881,428044,358755,577277,464781,596641,565069,309624,568176,Belgium,Gas,Total,282,50.4134305,4.4048911
Põhja,489293,527049,497923,451341,600303,588839,676192,628803,593857,560197,Estonia,Oil,Viru Keemia Grupp AS,283,59.3956812,27.2433702
Komotini,288768,148404,182526,668334,706659,687171,517066,602018,780426,558149,Greece,Gas,ΔΕΗ,284,41.0702533,25.4989626
Wolfsburg North,825081,780774,778198,757745,774561,782927,740389,689809,775063,550689,Germany,Hard Coal,VOLKSWAGEN AKTIENGESELLSCHAFT,285,52.4340092,10.7715825
Aprilia CCGT,452297,272919,318657,561843,698122,766043,874398,694911,833195,547519,Italy,Gas,F2i,286,45.4821569,9.1957786
Escombreras Iberdrola,57,23,85,41101,142919,214850,419669,258940,341559,546184,Spain,Gas,Iberdrola,287,37.5777608,-0.9166755
Flensburg,614950,543876,668226,606591,596836,601832,566625,518014,595375,544622,Germany,Hard Coal,Stadtwerke Flensburg GmbH,288,54.8049783,9.430303
Centrale Termoelettrica Torrevaldaliga,567855,446789,334886,812794,960560,747707,719052,648595,530453,540248,Italy,Gas,Tirreno Power SpA,289,42.1184571,11.770036
Gemeinschaftskraftwerk Burghausen,670599,672834,694408,684752,688971,664276,521038,560948,580468,538142,Germany,Gas,Wacker Chemie AG,290,48.178432,12.840503
Protergia CCGT,596725,175196,226618,537197,739387,606596,758103,768370,819379,537051,Greece,Gas,Mytilineos,291,38.3878186,22.6529542
Santa Barbara,85982,21814,63226,333641,655251,551016,712903,558570,613882,534071,Italy,Gas,ENEL,292,43.521367,11.489437
Sisak,55193,33121,122757,152293,352175,283848,299309,487333,408729,525195,Croatia,Oil,HEP Group,293,45.8208237,16.1055857
Aceca,360056,352354,323584,248907,469156,488271,475441,523229,352523,522261,Spain,Gas,Naturgy,294,39.9579458,-3.8808112
Hamm,1337408,636441,212835,525549,433954,331652,640476,895498,524952,522250,Germany,Gas,Trianel Group,295,51.673164,7.9303239
Scandale,213474,95674,243120,790296,753292,868206,933310,953584,815770,520243,Italy,Gas,EPH,296,41.9087723,12.4528373
Katowice,889214,848637,867301,657957,877950,921905,757305,597102,782278,518402,Poland,Hard Coal,Tauron,297,50.2816378,19.0558872
Grupa Azoty Zakłady Chemiczne,588869,607700,719974,625582,631786,623906,593415,671622,631355,514384,Poland,Gas,Grupa Azoty,298,53.5706506,14.5497373
Pietarsaaren,560960,688131,363183,348194,270980,657861,352052,187144,337766,514201,Finland,Other Fossil Fuel,Alholmens Kraft,299,63.7009424,22.6978578
Lichterfelde,,1260,9995,31343,88666,236519,365578,410959,579432,514106,Germany,Gas,Vattenfall GmbH,300,52.4247387,13.308927
Centrale Termoelettrica Napoli,297432,390926,287952,492742,443557,547295,537384,555054,375573,510977,Italy,Gas,ENGIE,301,40.8377897,14.2954427
PEI - Pointe Jarry,0,95368,571086,530930,531162,518561,544001,579203,539438,510092,France,Oil,EDF,302,16.2679391,-61.586846
Suomenoja,907479,845947,744633,812810,805224,765650,826222,540404,565666,508078,Finland,Hard Coal,Fortum,303,60.1606864,24.7074508
Instalacja Spalania Paliw,417912,390432,390041,392616,510205,488859,528028,507900,526369,508040,Poland,Hard Coal,Synthos Group,304,50.0363862,19.2542053
Heizkraftwerke Süd,747999,619101,589818,810955,999827,907100,942381,1144667,671721,506095,Germany,Gas,SWM Services GmbH,305,48.1198876,11.5604006
Fyns,1659785,1254385,901683,1155662,1053586,747392,559517,337793,535895,501008,Denmark,Hard Coal,Funen district heating,306,55.427903,10.4053463
Bellefontaine,49611,504674,506213,535926,535502,502930,459742,524677,536676,493968,France,Oil,EDF,307,48.688908,-0.974528
Punta Grande,546363,536778,541150,550077,577903,558262,539350,443546,432128,493064,Spain,Other Fossil Fuel,"Unión Eléctrica de Canarias Generación, S.A.U.",308,28.976692,-13.5263235
Latvenergo CHP,817575,627206,742877,739510,469329,836698,897677,595971,675287,487953,Latvia,Gas,Latvenergo Group,309,56.9173299,24.297672
Zofiowka,384321,312872,21409,263954,235212,216011,477973,425725,490795,474537,Poland,Hard Coal,Jastrzbska Spółka Wglowa,310,49.966228,18.6217532
La Rioja,150539,63647,220777,375744,625177,412680,464333,244301,353360,473957,Spain,Gas,ContourGlobal,311,42.4355925,-2.2513604
Mellach,149202,40293,277344,236608,543710,339872,337222,263738,428736,472542,Austria,Gas,VERBUND Thermal Power GmbH & Co KG,312,46.9121003,15.4864385
Braunschweig,482108,389211,421556,461069,468120,421480,435235,373072,451571,467451,Germany,Hard Coal,Braunschweiger Versorgungs-AG & Co. KG,313,52.2777233,10.5178801
Te-Tol,649890,584808,565901,576966,611420,627047,487679,475742,501130,465974,Slovenia,Lignite,Termoelektrarna Toplarna,314,46.0581183,14.5437273
Porici II,489025,545980,479000,537293,604102,531055,454050,338131,343541,458072,Czechia,Lignite,CEZ,315,50.5738041,15.9611825
Dunamenti,408240,87108,244077,434824,616563,352146,639698,723959,644770,457001,Hungary,Gas,MET Group,316,47.327979,18.9201367
Bielsko-Biala,558155,552906,557573,545908,500989,494612,427472,362828,494479,453571,Poland,Hard Coal,Tauron,317,49.873784,19.028928
Haute Corse,142,182183,278981,294789,343306,282419,337923,305118,362311,449342,France,Oil,EDF,318,42.5283988,9.44712
Kraftwerk Rheinberg,719812,532144,613782,612348,601542,600902,559999,520111,433429,448686,Germany,Hard Coal,Solvay Chemicals GmbH,319,51.5647538,6.577881
Zielona Góra,558481,558072,526504,544866,566719,563290,558010,552524,558605,446524,Poland,Hard Coal,PGE,320,51.9519362,15.4893979
Stade Dow gas plant,28000,264132,519014,514294,540575,522931,483920,509429,515657,444755,Germany,Gas,DOW,321,53.6519197,9.5078665
Las Salinas,450355,452112,457794,484592,519651,503989,472975,352681,351564,440555,Spain,Other Fossil Fuel,"Unión Eléctrica de Canarias Generación, S.A.U.",322,28.4976273,-13.8738031
Modugno,563990,512465,394383,423703,514095,320035,544380,737103,424197,438225,Italy,Gas,F2i,323,41.0827212,16.7824423
Azoty Tarnow,814604,803288,726006,500267,586192,560920,496125,439258,452045,428973,Poland,Hard Coal,Grupa Azoty,324,50.0143355,20.9198011
Bedzin,518292,474544,520833,558123,572819,609922,612546,585354,565056,426833,Poland,Hard Coal,EC Będzin SA,325,50.3031633,19.1376264
CropEnergies Zeitz Ethanol plant,415441,406622,379185,433047,415844,437605,406510,420074,381351,425293,Germany,Other Fossil Fuel,CropEnergies AG,326,51.0539394,12.1103479
MaasStroom,241515,190721,157574,61088,424840,726265,966928,831852,582418,423590,Netherlands,Gas,InterGen,327,51.88590285,4.345048471
Ludwigshafen Nord Power Plant,426973,455832,438443,432101,430809,427939,395176,411770,442447,423035,Germany,Gas,BASF SE,328,49.496315,8.4272839
Plana del Vent,268236,133389,141938,234043,338599,132904,785449,119635,11,422306,Spain,Gas,Alpiq Energía,329,40.9911817,0.920462
Castellón,242859,164406,537108,686241,582469,634712,843862,824128,657864,420031,Spain,Gas,Iberdrola,330,39.9837993,0.0209881
Centrale Buitenring Wondelgem Gent,708010,670058,620783,550079,773906,729369,680478,534736,562554,418328,Belgium,Gas,EDF,331,51.1038047,3.7264706
Santurce,732,2921,70,55,54428,2209,42913,14511,311696,414879,Spain,Gas,Iberdrola,332,43.3386276,-3.0537064
Plzen,704377,648495,699517,504966,440239,472865,454966,399137,393402,414860,Czechia,Lignite,Plzeňská teplárenská a.s.,333,49.7528712,13.3991204
Sko-Energo,413346,386998,391981,392103,405451,365504,363212,379193,378690,414736,Czechia,Lignite,ŠKO-ENERGO s.r.o.,334,50.4268477,14.9218555
Energyworks Cartagena,552954,544518,566599,557474,599004,574789,551461,509469,558387,413990,Spain,Gas,Iberdrola,335,37.7200206,-1.1588769
Great Island Generating Station,14944,54262,546698,822186,980641,797165,774611,798519,993092,412983,Ireland,Gas,SSE,336,52.3962044,-6.94719
CCC di Termoli,520806,338349,344340,318335,602604,499362,749730,698840,517331,408944,Italy,Gas,F2i,337,41.9459888,14.9943814
Seraing,145802,46536,2689,3779,4499,198820,421179,701649,316274,406731,Belgium,Gas,EDF,338,50.59586,5.4818
Delesto,665494,540259,540026,585394,468468,473394,317898,318719,419661,405706,Netherlands,Gas,Akzo Nobel,339,53.3174317,6.9514701
Kralupy,372545,394051,374354,385060,407611,401632,403742,397481,429603,404816,Czechia,Other Fossil Fuel,Synthos Group,340,50.2553041,14.3233625
INEOS Oxide Power plant,410991,398381,390322,392443,425708,374326,400858,407941,293201,404454,Belgium,Gas,INEOS,341,51.2432295,4.3256702
CCC Tarragona Power,270470,212919,357745,404931,423209,240281,459262,464161,537964,403084,Spain,Gas,Iberdrola,342,41.11459,1.177292
Berlin-Klingenberg,1447031,1410020,1359028,1377759,975645,598412,631679,532066,474924,402741,Germany,Gas,Vattenfall Wärme Berlin Aktiengesellschaft,343,52.48811,13.49648
Fortuna Nord,442684,487027,426329,409274,400907,371026,369590,375540,432505,396586,Germany,Lignite,RWE,344,50.989147,6.663675
Berlin-Moabit,440865,480837,292414,504094,508992,419676,369269,404102,405330,395852,Germany,Hard Coal,Vattenfall Wärme Berlin Aktiengesellschaft,345,52.5379898,13.3457209
Plzenska energetika ELU III,321965,311055,318285,333293,344098,342362,324629,365548,366481,390728,Czechia,Lignite,EPH,346,49.7452379,13.3617372
Málaga,624177,466428,691344,666246,678462,813206,592041,170310,39895,384077,Spain,Gas,Naturgy,347,36.7356241,-4.5495489
Czechnica,351439,246969,280217,342398,355460,392765,408836,356716,381916,380827,Poland,Hard Coal,PGE,348,51.0376073,17.1471031
Toplofikacia Sofia,490702,428736,338914,402095,368785,383155,383376,376568,418558,378970,Bulgaria,Gas,Toplofikacia Sofia EAD,349,42.6977082,23.3218675
IKW Staßfurt,384233,382055,375702,400780,399603,392967,426834,444677,429609,376855,Germany,Gas,CIECH Soda Deutschland GmbH & Co. KG,350,51.8644945,11.5731283
Rijnmond Power Plant,208067,391437,24418,0,529762,823648,1327797,1103148,280189,374973,Netherlands,Gas,Blackstone Group,351,51.88590285,4.345048471
Naantali 1,1343107,1316455,1106338,1370835,1163345,812737,631053,313689,385738,374364,Finland,Hard Coal,Fortum,352,60.4572846,22.0557388
Oddział Elektrociepłownia Gorzów,445365,443534,431350,437569,433864,477978,463352,437602,436336,364022,Poland,Gas,PGE,353,52.751349,15.269619
Kraftwerk Standort Hattorf,269953,253612,249701,173529,251220,291379,342846,350102,362828,362992,Germany,Gas,K+S Minerals and Agriculture GmbH,354,50.8433728,9.9709766
Cogénération Jemeppe,388700,355380,373547,383829,395625,394469,383474,378178,395178,362735,Belgium,Gas,EDF,355,50.4472559,4.6583652
Le Moule Caraibe,653992,615311,527297,673536,648932,614305,563752,411175,357711,359641.0178,France,Hard Coal,ALBIOMA,356,,
Cologne-Merkenich,592066,336118,506597,455743,537244,538186,366508,329476,348816,358932,Germany,Lignite,RheinEnergie AG,357,51.018182,6.964533
Cuno-Heizkraftwerk Herdecke,116023,77027,50677,188248,192392,182013,375089,532144,409898,357317,Germany,Gas,Mark-E Aktiengesellschaft,358,51.4034402,7.4138208
Lublin-Wrotków,411265,364782,472217,554078,507729,453102,538876,658715,511230,356833,Poland,Hard Coal,PGE,359,51.2171432,22.55826
Central de Barcelona,742032,637761,872578,757822,643205,833073,1007941,169341,19499,356041,Spain,Gas,Naturgy,360,41.3359702,2.1574094
Ponti Sul Mincio,167452,88826,159330,13614,456206,304497,400517,330862,381963,356031,Italy,Gas,A2A,361,45.4068124,10.7029385
Centrale Lage Weide,494759,424705,492509,638304,548995,561951,373815,483241,372206,354908,Netherlands,Gas,Mitsubishi Group,362,52.101159,5.0697777
Cristóbal Colón,66495,76362,135237,305,76502,47570,130830,170242,25813,353168,Spain,Gas,ENEL,363,37.2282402,-6.9520286
Milazzo,503522,514108,515483,515665,518078,406680,403192,457070,565761,351761,Italy,Gas,EDF,364,38.21104,15.24789
Maó,303999,296542,307696,310090,326922,390084,389760,271385,291770,345868,Spain,Other Fossil Fuel,ENEL,365,39.873902,4.3110871
WKC Moerdijk,586857,430506,627884,729983,1221484,513930,801320,540879,245087,345836,Netherlands,Gas,RWE,366,51.6861289,4.5816493
CTE Bucuresti Vest,571350,453171,492172,595248,604430,578560,561533,509610,484117,340561,Romania,Gas,Electrocentrala Bucuresti SA,367,44.4265676,26.0238468
Centrale di Teverola,240306,255472,318096,630257,605967,349841,519159,476856,459498,338269,Italy,Gas,E.ON,368,45.4644464,9.205989
Kraftwerk Timelkam,28882,2847,174692,213716,356994,267204,413197,189604,212143,338012,Austria,Hard Coal,Energie AG Group,369,48.0125971,13.5917491
Paroseni,917448,884101,832470,420620,339424,298473,153808,124897,324416,333429,Romania,Hard Coal,CE Hunedoara SA,370,45.3658986,23.268842
Waehlitz,311188,312204,319041,302299,332791,241998,317400,220576,145842,332819,Germany,Lignite,Mitteldeutsche Braunkohlengesellschaft mbH,371,51.0879105,12.0954003
Tychy,105609,67591,64889,255502,422857,426764,351331,284543,380025,330464,Poland,Hard Coal,Tauron,372,50.1051648,19.0156653
Quierschied-Weiher,2094265,1513206,1678832,1355318,408420,24624,47980,73995,95403,329586,Germany,Hard Coal,STEAG GmbH,373,49.3359659,7.0314235
Otrokovice,370211,345960,358228,369609,364468,365686,328663,273534,280815,328676,Czechia,Lignite,LAMA ENERGY GROUP,374,49.2049756,17.5194214
Blachownia Generation Plant,429441,419491,401237,395544,468196,470628,407091,400958,398863,325544,Poland,Other Fossil Fuel,Grupa Azoty,375,50.3114784,18.2472156
Högdalen,249698,316126,320489,280087,251907,247527,258975,271266,312371,324730,Sweden,Other Fossil Fuel,Stockholm Exergi AB,376,59.2578909,18.0607422
Seinäjoen,375954,338553,352564,401488,327285,624945,415897,300596,366156,321528,Finland,Other Fossil Fuel,EPV Energy,377,62.7382903,22.822839
Stromerzeugung (blast furnace gas),300727,357072,357982,335582,371706,390643,376119,345164,352656,318601,Germany,Other Fossil Fuel,DK Recycling und Roheisen GmbH,378,51.4215531,6.7415852
Lucca Paper Mill power plant,339647,335700,312833,292340,326715,314252,308957,311328,313220,313636,Italy,Other Fossil Fuel,DS Smith,379,43.8246195,10.6117808
Progresu,379647,367635,357747,421767,412101,408991,435267,517626,402135,311747,Romania,Gas,SC Electrocentrala Bucuresti SA,380,44.3700296,26.1040238
Czestochowa,218689,300332,341676,338163,249717,305586,255276,266985,291344,310608,Poland,Hard Coal,Fortum,381,50.7946418,19.1437908
Keljonlahden,336542,302682,364686,267182,225067,344633,243105,204805,205698,307719,Finland,Other Fossil Fuel,Jyväskylä Energia,382,62.2144968,25.8904728
Etablissement de Montoir-de-Bretagne,264058,96046,336740,597866,652266,290292,779989,612755,527702,307513,France,Gas,ENGIE,383,47.305552,-2.070538
Heizkraftwerk Sandreuth,400222,343798,374374,390652,382418,368943,355133,344388,391102,302970,Germany,Gas,N-ERGIE Kraftwerke Gesellschaft mit beschränkter Haftung,384,49.4354133,11.0597508
Ruse Iztok,533613,588025,430510,441850,360596,248927,182341,167770,242322,301483,Bulgaria,Hard Coal,Toplofikacia Ruse AD,385,43.8698608,26.0290155
Cogeneración la Rábida,323783,309580,282312,283949,299726,309003,304414,300399,296438,298509,Spain,Other Fossil Fuel,"Generación Eléctrica Peninsular, S.A.",386,37.19983,-6.9348
Chania,350335,383326,377968,411221,441267,445901,504684,404810,309680,298272,Greece,Gas,ΔΕΗ,387,35.3465828,25.045338
Tarbert Generating Station,16035,11938,18257,43382,13517,44853,129904,194511,485972,297905,Ireland,Oil,SSE,388,52.5725966,-9.3751312
Vazzio,433466,368981,425312,304069,340704,279687,303936,220635,257455,295890,France,Oil,EDF,389,41.9310644,8.7771172
Borsodchem power station,270762,257714,252402,285753,286072,296881,304176,296657,313029,294107,Hungary,Other Fossil Fuel,BorsodChem Group,390,48.248534,20.647853
Lavera power station,321757,166239,398536,377895,333801,238706,246420,259801,75596,293981,France,Gas,LAVERA ENERGIES SNC,391,43.3812134,5.0702794
